{
    "model": "CTGANSynthesizer",
    "results": {
        "Adult": {
            "JSD": 0.09019136688861416,
            "WD": 0.01438412877033217,
            "PCD": 0.15795095572133608,
            "PS": 0.028070588019994912
        },
        "Covertype": {
            "JSD": 0.035120429585803296,
            "WD": 0.04509688869470121,
            "PCD": 2.652931422499377,
            "PS": 0.09057887834191926
        },
        "Credit": {
            "JSD": 0.32482085253646215,
            "WD": 0.01917682495484183,
            "PCD": 8.143070161304697,
            "PS": 0.06051585395975462
        },
        "Intrusion": {
            "JSD": 0.06912941559071245,
            "WD": 0.04101668217779188,
            "PCD": 2.4620263397598765,
            "PS": 0.009085685852044669
        },
        "Loan": {
            "JSD": 0.08008805973729034,
            "WD": 0.11019934105848787,
            "PCD": 1.41934420385718,
            "PS": 0.18340323572737974
        },
        "King": {
            "JSD": 0.25644646392364995,
            "WD": 0.031706123050419,
            "PCD": 1.4377595659515994,
            "PS": 0.055817899153714025
        },
        "Insurance": {
            "JSD": 0.052394370013284404,
            "WD": 0.08850223146568938,
            "PCD": 0.558294694059197,
            "PS": 0.043775991203123844
        }
    }
}